¡÷øµæ∆∞≠ªÁ¥‘,k7132474@gmail.com,mail/document.pptx,mail/pay1.xlsx
±Ë¿Œº÷,k7132474@naver.com,mail/document.pptx,mail/pay2.xlsx
±Ë¿Œº÷,k7132475@naver.com,mail/document.pptx,mail/pay3.xlsx
±Ë¿Œº÷,k7132476@naver.com,mail/document.pptx,mail/pay4.xlsx
±Ë¿Œº÷,k7132477@naver.com,mail/document.pptx,mail/pay5.xlsx
±Ë¿Œº÷,k7132478@naver.com,mail/document.pptx,mail/pay1.xlsx
±Ë¿Œº÷,k7132479@naver.com,mail/document.pptx,mail/pay2.xlsx
±Ë¿Œº÷,k7132480@naver.com,mail/document.pptx,mail/pay3.xlsx
±Ë¿Œº÷,k7132481@naver.com,mail/document.pptx,mail/pay4.xlsx
±Ë¿Œº÷,k7132482@naver.com,mail/document.pptx,mail/pay5.xlsx
±Ë¿Œº÷,k7132483@naver.com,mail/document.pptx,mail/pay1.xlsx
±Ë¿Œº÷,k7132484@naver.com,mail/document.pptx,mail/pay2.xlsx
±Ë¿Œº÷,k7132485@naver.com,mail/document.pptx,mail/pay3.xlsx
±Ë¿Œº÷,k7132486@naver.com,mail/document.pptx,mail/pay4.xlsx
±Ë¿Œº÷,k7132487@naver.com,mail/document.pptx,mail/pay5.xlsx
±Ë¿Œº÷,k7132488@naver.com,mail/document.pptx,mail/pay1.xlsx
±Ë¿Œº÷,k7132489@naver.com,mail/document.pptx,mail/pay2.xlsx
±Ë¿Œº÷,k7132490@naver.com,mail/document.pptx,mail/pay3.xlsx
±Ë¿Œº÷,k7132491@naver.com,mail/document.pptx,mail/pay4.xlsx
±Ë¿Œº÷,k7132492@naver.com,mail/document.pptx,mail/pay5.xlsx
